{
  "handler": "Microsoft.Compute.MultiVm",
  "version": "1.1.0-beta",
  "parameters": {
    "basics": [
      {
        "name": "uniqueNamePrefix",
        "type": "Microsoft.Common.TextBox",
        "label": "VM name prefix",
        "toolTip": "Prefix that will be used for all virtual machines in this Tetration deployment (e.g. tet)",
        "defaultValue": "tet",
        "constraints": {
          "required": true,
          "regex": "^[a-z0-9]{1,30}$",
          "validationMessage": "VM name prefix must be between 1 and 30 characters long and can contain only numbers and lowercase letters (e.g. tet)"
        }
      },
      {
        "name": "adminUsername",
        "type": "Microsoft.Compute.UserNameTextBox",
        "label": "Admin Username",
        "toolTip": "Admin username for the virtual machines",
        "defaultValue": "azureuser",
        "constraints": {
          "required": true
        },
        "osPlatform": "Linux"
      },
      {
        "name": "adminCredentials",
        "type": "Microsoft.Compute.CredentialsCombo",
        "label": {
          "authenticationType": "Authentication Type",
          "password": "Admin Password",
          "confirmPassword": "Confirm Password",
          "sshPublicKey": "SSH Public Key"
        },
        "toolTip": {
          "authenticationType": "Which authentication type to use when connecting to the virtual machines: Password or SSH Public Key",
          "password": "Admin password for the virtual machines",
          "sshPublicKey": "Valid SSH public key that will be included on all nodes in the Tetration deployment. The OpenSSH public key can be generated with tools like ssh-keygen on Linux or OS X and will look like 'ssh-rsa AAAAB3...'"
        },
        "constraints": {
          "required": true
        },
        "options": {
          "hideConfirmation": false
        },
        "osPlatform": "Linux"
      }
    ],
    "steps": [
      {
        "name": "OrchestrationConfig",
        "label": "Orchestration Server",
        "subLabel": {
          "preValidation": "Configure Orchestration Server",
          "postValidation": "Done"
        },
        "bladeTitle": "Orchestration Server settings",
        "elements": [
          {
            "name": "publicIP",
            "type": "Microsoft.Network.PublicIpAddressCombo",
            "label": {
              "publicIpAddress": "Public IP address name",
              "domainNameLabel": "Domain name label"
            },
            "toolTip": {
              "publicIpAddress": "Name of the public IP address object",
              "domainNameLabel": "DNS prefix to use for the public IP address (e.g. [dnsPrefix].region.cloudapp.azure.com)"
            },
            "defaultValue": {
              "publicIpAddressName": "publicip-tet-orch",
              "domainNameLabel": ""
            },
            "constraints": {
              "required": {
                "domainNameLabel": true
              }
            },
            "options": {
              "hideNone": true,
              "hideDomainNameLabel": false,
              "hideExisting": true
            }
          },
          {
            "name": "OrchVmSize",
            "type": "Microsoft.Compute.SizeSelector",
            "label": "Orchestration VM Size",
            "toolTip": "Size of the Orchestration Server",
            "recommendedSizes": [
              "Standard_DS2_v2"
            ],
            "constraints": {
              "allowedSizes": [
                "Standard_DS2_v2",
                "Standard_DS3_v2",
                "Standard_DS4_v2",
                "Standard_DS5_v2",
                "Standard_DS11_v2",
                "Standard_DS12_v2",
                "Standard_DS13_v2",
                "Standard_DS14_v2",
                "Standard_GS1",
                "Standard_GS2",
                "Standard_GS3",
                "Standard_GS4",
                "Standard_GS5"
              ]
            },
            "osPlatform": "Linux",
            "imageReference": {
              "publisher": "cisco",
              "offer": "tetration",
              "sku": "centos72",
              "version": "latest"
            },
            "count": 1
          }
        ]
      },
      {
        "name": "generalConfig",
        "label": "Storage & Network Settings",
        "subLabel": {
          "preValidation": "Configure storage & network",
          "postValidation": "Done"
        },
        "bladeTitle": "Storage & Network settings",
        "elements": [
          {
            "name": "storageAccount",
            "type": "Microsoft.Storage.StorageAccountSelector",
            "label": "Storage account",
            "toolTip": "Storage Account for diagnostic logs",
            "defaultValue": {
              "type": "Standard_LRS"
            },
            "constraints": {
              "allowedTypes": [
                "Standard_LRS"
              ]
            }
          },
          {
            "name": "virtualNetwork",
            "type": "Microsoft.Network.VirtualNetworkCombo",
            "label": {
              "virtualNetwork": "Virtual network",
              "subnets": "Subnets"
            },
            "toolTip": {
              "virtualNetwork": "Tetration servers must be deployed into a new virtual network",
              "subnets": "The deployment will create one subnet that will contain the Orchestrator cluster and Tetration services."
            },
            "defaultValue": {
              "name": "vnet-tetration"
            },
            "constraints": {
            }
          }
        ]
      }
    ],
    "outputs": {
      "location": "[location()]",
      "uniqueNamePrefix": "[basics('uniqueNamePrefix')]",
      "adminUsername": "[basics('adminUsername')]",
      "adminPassword": "[basics('adminCredentials').password]",
      "sshPublicKey": "[basics('adminCredentials').sshPublicKey]",
      "authenticationType": "[basics('adminCredentials').authenticationType]",
      "publicIPNewOrExisting": "[steps('OrchestrationConfig').publicIP.newOrExistingOrNone]",
      "publicIPExistingRGName": "[steps('OrchestrationConfig').publicIP.resourceGroup]",
      "publicIPAddressName": "[steps('OrchestrationConfig').publicIP.name]",
      "publicIPDnsName": "[steps('OrchestrationConfig').publicIP.domainNameLabel]",
      "vmSize": "[steps('OrchestrationConfig').OrchVmSize]",
      "newStorageAccountName": "[steps('generalConfig').storageAccount.name]",
      "storageAccountExistingRG": "[steps('generalConfig').storageAccount.resourceGroup]",
      "storageAccountNewOrExisting": "[steps('generalConfig').storageAccount.newOrExisting]",
      "storageAccountType": "[steps('generalConfig').storageAccount.type]",
      "virtualNetworkExistingRGName": "[steps('generalConfig').virtualNetwork.resourceGroup]",
      "virtualNetworkName": "[steps('generalConfig').virtualNetwork.name]",
      "vnetNewOrExisting": "[steps('generalConfig').virtualNetwork.newOrExisting]",
      "virtualNetworkAddressPrefix": "24",
      "subnetName": "default",
      "subnetPrefix": "24"
    }
  }
}
