{
  "$schema": "https://schema.management.azure.com/schemas/2015-01-01/deploymentTemplate.json#",
  "contentVersion": "1.0.0.0",
  "parameters": {
    "virtualNetworkName": {
      "type": "string"
    },
    "location": {
      "type": "string"
    },
    "virtualNetworkAddressPrefix": {
      "type": "string"
    },
    "subnetName": {
      "type": "string"
    },
    "subnetPrefix": {
      "type": "string"
    },
    "vnetExistingRGName" : {
      "type" : "string",
      "defaultValue" : ""
    }
  },
  "variables" : {
    "vnetID" : "[resourceId('Microsoft.Network/virtualNetworks',parameters('virtualNetworkName'))]",
    "subnet1" : "[concat(variables('vnetID'),'/subnets/',parameters('subnetName'))]"
    },
  "resources": [
        {
            "apiVersion": "2015-06-15",
            "type": "Microsoft.Network/virtualNetworks",
            "name": "[parameters('virtualNetworkName')]",
            "location": "[parameters('location')]",
            "properties": {
                "addressSpace": {
                    "addressPrefixes": [
                        "[parameters('virtualNetworkAddressPrefix')]"
                    ]
                },
                "subnets": [
                    {
                        "name": "[parameters('subnetName')]",
                        "properties": {
                            "addressPrefix": "[parameters('subnetPrefix')]"
                        }
                    }
                ]
            }
        }
  ],
  "outputs": {
    "subnet1Ref": {
      "value": "[variables('subnet1')]",
      "type": "string"
    }
  }
}
