{
  "$schema": "https://schema.management.azure.com/schemas/2015-01-01/deploymentTemplate.json#",
  "contentVersion": "1.0.0.0",
  "parameters": {
    "virtualNetworkName": {
      "type": "string"
    },
    "location": {
      "type": "string"
    },
    "virtualNetworkAddressPrefix": {
      "type": "string"
    },
    "Subnet1Name": {
      "type": "string"
    },
    "Subnet1Prefix": {
      "type": "string"
    },
    "Subnet2Name": {
      "type": "string"
    },
    "Subnet2Prefix": {
      "type": "string"
    },
    "Subnet3Name": {
      "type": "string"
    },
    "Subnet3Prefix": {
      "type": "string"
    },
    "Subnet4Name": {
      "type": "string"
    },
    "Subnet4Prefix": {
      "type": "string"
    },
    "vnetExistingRGName" : {
      "type" : "string"
    },
    "routeTable1Name" : {
      "type" : "string"
    },
    "routeTable2Name" : {
      "type" : "string"
    },
    "routeTable3Name" : {
      "type" : "string"
    },
    "routeTable4Name" : {
      "type" : "string"
    }
  },
  "variables": {
    "vnetID" : "[resourceId(parameters('vnetExistingRGName'),'Microsoft.Network/virtualNetworks',parameters('virtualNetworkName'))]",
    "subnet1" : "[concat(variables('vnetID'),'/subnets/',parameters('Subnet1Name'))]",
    "subnet2" : "[concat(variables('vnetID'),'/subnets/',parameters('Subnet2Name'))]",
    "subnet3" : "[concat(variables('vnetID'),'/subnets/',parameters('Subnet3Name'))]",
    "subnet4" : "[concat(variables('vnetID'),'/subnets/',parameters('Subnet4Name'))]",
    "routeTable1Id" : "[resourceId('Microsoft.Network/routeTables',parameters('routeTable1Name'))]",
    "routeTable2Id" : "[resourceId('Microsoft.Network/routeTables',parameters('routeTable2Name'))]",
    "routeTable3Id" : "[resourceId('Microsoft.Network/routeTables',parameters('routeTable3Name'))]",
    "routeTable4Id" : "[resourceId('Microsoft.Network/routeTables',parameters('routeTable4Name'))]"
  },
  "resources": [
  ],
  "outputs": {
    "subnet1Ref": {
      "value": "[variables('subnet1')]",
      "type": "string"
    },
    "subnet2Ref": {
      "value": "[variables('subnet2')]",
      "type": "string"
    },
    "subnet3Ref": {
      "value": "[variables('subnet3')]",
      "type": "string"
    },
    "subnet4Ref": {
      "value": "[variables('subnet4')]",
      "type": "string"
    }
  }
}
